{
    "Month 1": {
        "transport": 307,
        "groceries": 499,
        "restaurants": 447,
        "shopping": 290,
        "home": 5811,
        "transport_change": null,
        "groceries_change": null,
        "restaurants_change": null,
        "shopping_change": null,
        "home_change": null,
        "transport_percent_of_total": 4.174598857764482,
        "groceries_percent_of_total": 6.785422899102529,
        "restaurants_percent_of_total": 6.078324721240142,
        "shopping_percent_of_total": 3.9434321457710086,
        "home_percent_of_total": 79.01822137612183
    },
    "Month 2": {
        "transport": 307,
        "groceries": 522,
        "restaurants": 444,
        "shopping": 313,
        "home": 5704,
        "transport_change": 0.0,
        "groceries_change": 4.609218436873747,
        "restaurants_change": -0.6711409395973155,
        "shopping_change": 7.931034482758621,
        "home_change": -1.8413353983823784,
        "transport_percent_of_total": 4.21124828532236,
        "groceries_percent_of_total": 7.160493827160494,
        "restaurants_percent_of_total": 6.090534979423869,
        "shopping_percent_of_total": 4.293552812071331,
        "home_percent_of_total": 78.24417009602195
    },
    "Month 3": {
        "transport": 290,
        "groceries": 504,
        "restaurants": 453,
        "shopping": 313,
        "home": 5769,
        "transport_change": -5.537459283387622,
        "groceries_change": -3.4482758620689653,
        "restaurants_change": 2.027027027027027,
        "shopping_change": 0.0,
        "home_change": 1.1395511921458625,
        "transport_percent_of_total": 3.956883613044072,
        "groceries_percent_of_total": 6.876790830945559,
        "restaurants_percent_of_total": 6.180925092099877,
        "shopping_percent_of_total": 4.270705416837222,
        "home_percent_of_total": 78.71469504707326
    },
    "Month 4": {
        "transport": 301,
        "groceries": 465,
        "restaurants": 454,
        "shopping": 289,
        "home": 5750,
        "transport_change": 3.793103448275862,
        "groceries_change": -7.738095238095238,
        "restaurants_change": 0.22075055187637968,
        "shopping_change": -7.667731629392971,
        "home_change": -0.3293465071936211,
        "transport_percent_of_total": 4.146576663452266,
        "groceries_percent_of_total": 6.405841024934563,
        "restaurants_percent_of_total": 6.254305000688801,
        "shopping_percent_of_total": 3.9812646370023423,
        "home_percent_of_total": 79.21201267392203
    },
    "Month 5": {
        "transport": 285,
        "groceries": 487,
        "restaurants": 446,
        "shopping": 294,
        "home": 6215,
        "transport_change": -5.3156146179401995,
        "groceries_change": 4.731182795698925,
        "restaurants_change": -1.762114537444934,
        "shopping_change": 1.7301038062283738,
        "home_change": 8.08695652173913,
        "transport_percent_of_total": 3.6883654717225314,
        "groceries_percent_of_total": 6.302575385013588,
        "restaurants_percent_of_total": 5.771968422414909,
        "shopping_percent_of_total": 3.8048401708295585,
        "home_percent_of_total": 80.43225055001942
    },
    "Month 6": {
        "transport": 301,
        "groceries": 512,
        "restaurants": 447,
        "shopping": 304,
        "home": 6035,
        "transport_change": 5.614035087719298,
        "groceries_change": 5.133470225872689,
        "restaurants_change": 0.2242152466367713,
        "shopping_change": 3.4013605442176873,
        "home_change": -2.8962188254223653,
        "transport_percent_of_total": 3.961047506250823,
        "groceries_percent_of_total": 6.737728648506383,
        "restaurants_percent_of_total": 5.88235294117647,
        "shopping_percent_of_total": 4.000526385050664,
        "home_percent_of_total": 79.41834451901566
    },
    "Month 7": {
        "transport": 287,
        "groceries": 521,
        "restaurants": 448,
        "shopping": 301,
        "home": 6205,
        "transport_change": -4.651162790697675,
        "groceries_change": 1.7578125,
        "restaurants_change": 0.22371364653243847,
        "shopping_change": -0.9868421052631579,
        "home_change": 2.8169014084507045,
        "transport_percent_of_total": 3.697500644163875,
        "groceries_percent_of_total": 6.712187580520484,
        "restaurants_percent_of_total": 5.771708322597268,
        "shopping_percent_of_total": 3.8778665292450403,
        "home_percent_of_total": 79.94073692347334
    },
    "Month 8": {
        "transport": 303,
        "groceries": 479,
        "restaurants": 450,
        "shopping": 301,
        "home": 5851,
        "transport_change": 5.574912891986063,
        "groceries_change": -8.061420345489443,
        "restaurants_change": 0.4464285714285714,
        "shopping_change": 0.0,
        "home_change": -5.705076551168413,
        "transport_percent_of_total": 4.1034669555796315,
        "groceries_percent_of_total": 6.486998916576381,
        "restaurants_percent_of_total": 6.094257854821235,
        "shopping_percent_of_total": 4.07638136511376,
        "home_percent_of_total": 79.238894907909
    },
    "Month 9": {
        "transport": 304,
        "groceries": 499,
        "restaurants": 444,
        "shopping": 303,
        "home": 5816,
        "transport_change": 0.33003300330033003,
        "groceries_change": 4.175365344467641,
        "restaurants_change": -1.3333333333333335,
        "shopping_change": 0.6644518272425249,
        "home_change": -0.5981883438728423,
        "transport_percent_of_total": 4.127070323106164,
        "groceries_percent_of_total": 6.774368721151236,
        "restaurants_percent_of_total": 6.027694814010317,
        "shopping_percent_of_total": 4.113494433885419,
        "home_percent_of_total": 78.95737170784687
    },
    "Month 10": {
        "transport": 59,
        "groceries": 117,
        "restaurants": 105,
        "shopping": 54,
        "home": 5867,
        "transport_change": null,
        "groceries_change": null,
        "restaurants_change": null,
        "shopping_change": null,
        "home_change": null,
        "transport_percent_of_total": 0.9513060303128023,
        "groceries_percent_of_total": 1.8864882296033538,
        "restaurants_percent_of_total": 1.6930022573363432,
        "shopping_percent_of_total": 0.8706868752015479,
        "home_percent_of_total": 81.88273058739381,
        "projected_transport": 228.625,
        "projected_groceries": 453.375,
        "projected_restaurants": 406.875,
        "projected_shopping": 209.25,
        "projected_transport_percent_of_total": 3.1908026726679575,
        "projected_groceries_percent_of_total": 6.327523944104255,
        "projected_restaurants_percent_of_total": 5.678547129324332,
        "projected_shopping_percent_of_total": 2.920395666509656,
        "projected_transport_change": -24.794407894736842,
        "projected_groceries_change": -9.143286573146291,
        "projected_restaurants_change": -8.361486486486488,
        "projected_shopping_change": -30.94059405940594
    }
}